<network nodes="2">
    <grid>0.1m</grid>
    <tolerance quality="2">1E-4</tolerance>
    <channel>
        <shadowing bn="-110.0dBm" syncbits="8">
		RP(d) = received power at distance d
		XP    = transmitted power
		X     = lognormal random Gaussian component
 		=======================================================
		RP(d)/XP [dB] = -10 x 3.7 x log(d/1.0m) + X(1.0) - 33.5
 		=======================================================
	</shadowing>
	<cutoff>-115.0dBm</cutoff>
	<ber>
		Interpolated ber table:
		======================
		  SIR		  BER
		50.0dB		1.0E-6
		40.0dB		2.0E-6
		30.0dB		5.0E-6
		20.0dB		1.0E-5
		10.0dB		1.0E-4
		 5.0dB		1.0E-3
		 2.0dB		1.0E-1
		 0.0dB		2.0E-1
		-2.0dB		5.0E-1
		-5.0dB		9.9E-1
	</ber>
	<frame>12 0</frame>
	<rates>9600</rates>
	<rssi>0 -202.0 255 53.0</rssi>
	<power>
		0	-30.0dBm
		1	-15.0dBm
		2	-10.0dBm
		3	 -5.0dBm
		4	  0.0dBm
		5	  5.0dBm
		6	  7.0dBm
		7	 10.0dBm
	</power>
    </channel>
    <nodes>
	<defaults>
	    <memory>8666 bytes</memory>
	    <radio>
	    	<power>7</power>
	    	<preamble>32 bits</preamble>
	    	<lbt>
			delay			8msec
			threshold		-109.0dBm
	    	</lbt>
	    	<backoff>
			min			8msec
			max			303msec
	    	</backoff>
	    </radio>
	    <leds number="3">
	    	<output target="socket"></output>
	    </leds>
	    <iflash size="256,2"></iflash>
	    <uart rate="115200" bsize="256,256" mode="packet">
		<input source="socket"></input>
		<output target="socket"></output>
	    </uart>
	    <lcdg type="n6100p"></lcdg>
	    <pins number="7">
		<input source="socket"></input>
		<buttons polarity="low" timing="200">0 1 2 3 4 5 6</buttons>
		<values>1111111</values>
	    </pins>
	    <preinit tag="NID" type="word">0x85</preinit>
	</defaults>
	<node number="0">
	    <location>65.0 5.0</location>
	    <preinit tag="HID" type="lword">0xBACA0001</preinit>
	    <eeprom size="524288" clean="0xFF" image="eeprom.nok"></eeprom>
	</node>
	<node number="1">
	    <location>205.0 5.0</location>
	    <preinit tag="HID" type="lword">0xBACA0002</preinit>
	    <eeprom size="524288" clean="0xFF" image="eeprom.nok"></eeprom>
	</node>
    </nodes>
</network>
